number,theme,bucket,repro_type,verdict,evidence_summary,repro_test_path,recommended_pass1,recommended_pass2_labels,verdict_source,notes
675,robotframework,feature-request,feature,REPRODUCED-on-dev,cumulusci/tasks/robotframework/robotframework.py does not configure traceback logging; rg 'traceback|format_exc|format_tb' in cumulusci/robotframework returns 0 matches. Default robot output shows only the exception's str(); full Python tracebacks require --loglevel TRACE or a custom listener which cumulusci does not provide.,,closed:stale-24mo,"cli-usability,robotframework,stale",dev,"Issue from 2018-07, last activity 2018-09, no activity for ~8 years. Two pragmatic workarounds exist today: (1) users can pass options=loglevel:TRACE to the robot task; (2) python keywords can wrap with traceback.format_exc() and log themselves. Workarounds make this low-priority. Close as stale."
710,scratch-org-config,feature,unit-pytest,REPRODUCED-on-dev,"The four+ default scratch org configs in cumulusci/cumulusci.yml:1559 cannot be disabled by a project. `merge_config` (cumulusci/core/utils.py:158, via dictmerge) drops ``None`` overrides, and BaseProjectKeychain._load_scratch_orgs (cumulusci/core/keychain/base_project_keychain.py:149) iterates every key unconditionally. Two XFAIL assertions added showing the issue's proposed `config_file: None` syntax has no effect today.",cumulusci/tests/triage/test_issue_710.py,keep-open,"enhancement,needs-spec",dev,"API question: should disabling use `config_file: None`, an explicit `disabled: true` flag, or sentinel removal? Tests assert end-state (`dev not in keychain.orgs`) so any of those implementations would pass."
733,cli,A,feature,REPRODUCED-on-v4.10.0,runtime.py:131-133 still raises ClickException with same hard error message; no interactive prompt path,,closed:stale-24mo,"enhancement,cli-usability,stale",v4.10.0,Stale 7yr feature request; confirm dry-run proposal stands
773,docs,feature-with-doc-component,doc-gap,REPRODUCED-on-dev,"cdcarter (2018) asked for tasks to declare ``return_values``/``result`` and for ``cci task info`` plus the web docs to surface them. On dev (1925a3083), ``BaseTask`` (``cumulusci/core/tasks.py:51``) only declares ``return_values`` as a runtime dict (line 64, populated as ``self.return_values = {}`` at line 92) — no declarative schema attribute. ``doc_task()`` in ``cumulusci/utils/__init__.py:354`` walks ``task_options`` and a free-form ``task_docs`` string but emits no ""Return Values"" / ""Returns"" section. The docs themselves admit the gap: ``docs/config.md:740-744`` literally says ""Current task return values are _not_ documented, so finding return values set by a specific task (if any) requires you to read the source code"". 8 years stale but still 100% accurate.",/tmp/repro/17/tests/test_issue_773.py,keep-open,"area/docs,area/tasks,type/enhancement",dev,"Pass-2: still actionable. Fix sketch: add a class attr like ``return_values_schema: Dict[str, str]`` (key -> one-line description) on BaseTask, extend ``doc_task`` to render a ""Return Values"" RST section when the attr is non-empty, and backfill the common return-value-emitting tasks (PackageUpload, GithubRelease, PromotePackageVersion, etc.). Same convention can power web docs since web docs use the same ``doc_task``."
808,metadata-etl,B,bug,REPRODUCED-on-dev,UninstallPackaged._init_options (cumulusci/tasks/salesforce/UninstallPackaged.py:25) defaults the 'package' option to project__package__name only; project__package__name_managed is never consulted (compare InstallPackageVersion which does fall back through name_managed -> name -> namespace at install_package_version.py:75-79). uninstall_packaged_incremental therefore retrieves the wrong package when name_managed is set,,keep-open,"bug,good-first-issue",dev,"Static-analysis confirmation; live repro needs a packaging org with a managed package whose name differs from project__package__name. Minimal fix: in UninstallPackaged._init_options, do `self.project_config.project__package__name_managed or self.project_config.project__package__name`. Also revisit jlantz's 2018 follow-up about deprecating name_managed entirely.; Task 4 reverify: bug still present on origin/dev@1925a3083 (only commit touching root-cause file since v4.10.0 was ruff refactor 3d620762d)."
987,robotframework,user-error-or-stale,bug,NOT-REPRODUCED-on-dev,"Issue is Spring 19 Salesforce + Chromedriver 2.46 + Selenium ~3.x shadow-DOM-specific. Reporter explicitly stated workaround works (""I figured out a work-around. Use firefox with geckodriver. Everything works as intended now."") and the underlying Chrome/Selenium/Salesforce stack has changed substantially. cumulusci/robotframework/Salesforce.py:154 click_object_button still uses _jsclick but the upstream shadow-DOM bug it depends on no longer manifests the same way.",,closed:stale-24mo,"stale,user-error",dev,"Reporter found workaround within days; last meaningful activity 2022-06. Spring 19 UI no longer exists. 7 years stale, ineligible for repro without specific reproducible scenario."
1348,cli,A,feature,REPRODUCED-on-v4.10.0,No 'gitlab' or 'bitbucket' references anywhere in cumulusci/; ci_feature flow still uses github_parent_pr_notes/github_automerge_feature tasks,,closed:stale-24mo,"enhancement,stale,wontfix-candidate",v4.10.0,Architectural change scoped to GitHub only; stale 6yr
1350,cli,A,bug,NOT-REPRODUCED-on-v4.10.0,project_config.py:52-57 sets up synthetic 'tasks' namespace package; include_source() at line 662 calls _add_tasks_directory_to_python_path() which extends tasks.__path__ for each loaded source,,closed:not-reproducible-on-v4.10.0,fixed,v4.10.0,Original ModuleNotFoundError fixed via tasks namespace package; collision concern raised in 2022 comments is separate
1432,cli,A,bug,REPRODUCED-on-v4.10.0,core/tasks.py:186-196 _validate_options() only checks required; old-style task_options dict path silently accepts unknown keys (test passed). Pydantic Options class path now rejects extras.,/tmp/repro/7/tests/test_1432_options_validation.py,closed:stale-24mo,"bug,stale,partially-fixed",v4.10.0,Partially mitigated for tasks using new Pydantic Options class; old task_options dict still vulnerable
1769,bulkdata,A,bug,REPRODUCED-on-v4.10.0,"Test code-smell: `lookups[""Id""] = MappingLookup(name=""Id"", table=""accounts"", key_field=""sf_id"")` pattern still present in test_load.py:736 (was line 352 in 2020). davidmreed acknowledged ""horrible hack"" but never refactored. Pattern repeats at lines 754, 773, 801. Used to express UPDATE-on-Id dependency in `_expand_mapping` after_steps fixtures.",,closed:stale-24mo,"test-cleanup,low-priority",v4.10.0,"Issue is a test-fixture style question, never escalated to bug. 6 yrs old."
2013,bulkdata,A,bug,REPRODUCED-on-v4.10.0,"`create_table_if_needed` (utils.py:133-139) calls `Table(tablename, metadata, *fields)` then checks `inspector.has_table()` for the BulkDataException. SQLAlchemy raises `InvalidRequestError: Table 'X' is already defined for this MetaData instance` BEFORE the inspector check fires. Reproduced exact 2020 traceback verbatim with two MappingStep(sf_object=Account, table=Account) entries.",/tmp/repro/9/tests/test_2013_multistep.py,keep-open,"bug,bulkdata,extract_dataset,error-handling",v4.10.0,"Trivial fix: try/except around Table() to convert to BulkDataException, or use `extend_existing=True`. Or detect the duplicate-table case in mapping_parser at validation time."
2096,bulkdata,A,bug,NOT-REPRODUCED-on-v4.10.0,REST DML (`step.py:778-784 RestApiDmlOperation._record_to_json`) calls `process_bool_arg` for boolean fields. `process_bool_arg` (core/utils.py:53-83) accepts the full Salesforce Data Loader spectrum: yes/y/true/on/1 -> True; no/n/false/off/0 -> False (case-insensitive). Tested all 20 spectrum values; all pass.,/tmp/repro/9/tests/test_2096_rest_booleans.py,closed:not-reproducible-on-v4.10.0,"resolved,bulkdata",v4.10.0,Fix predates v4.10.0; the spec referenced in the issue is now followed.
2126,keychain,feature,feature,NOT-REPRODUCED-on-dev,"Feature request for `encrypt_all_encryptable_fields` Metadata-ETL task using probabilistic Shield encryption. Author (davidmreed, 2022-01-28) wrote ""feature has been developed but is blocked by bugs in the underlying platform functionality"". No matching task exists in cumulusci/ today (grep for `encryptionScheme`/`encrypt_all_encryptable`/`probabilistic` returns 0 hits in cumulusci/). 5+ years stale, still labelled `blocked`. Not a keychain bug \u2014 theme misclassification (encryption-via-Shield, not encryption-at-rest).",,closed:stale-24mo,"area/metadata-etl,blocked",dev,"Theme mislabel: this is metadata-etl/Shield, not keychain. Pass-2: relabel before closing; if owner still wants it, keep-open with `blocked`."
2140,cli,A,feature,REPRODUCED-on-v4.10.0,runtime.py get_org() calls keychain.get_org which raises OrgNotFound; cli/org.py:530-531 just shows 'Org X does not exist'; no interactive prompt offering scratch configs,,closed:stale-24mo,"enhancement,cli-usability,stale",v4.10.0,Stale 5yr feature request
2153,ci-integration,A,feature,REPRODUCED-on-dev,"Code scan of cumulusci/tasks/github/merge.py shows _create_conflict_pull_request (lines 264-288) only calls self.repo.create_pull(...) for the new auto-generated ""Merge <source> into <branch>"" PR. There is no call to comment on the original (source) PR or its branch's open PR. Repo-wide grep for ""create_comment"" / ""issue_comment"" in cumulusci/tasks/github returns no matches in production code (only in test fixture util_github_api.py). Feature is still unimplemented on v4.10.0.",,keep-open,"enhancement,github,merge-conflict",dev,"Small enhancement; could be implemented inside _create_conflict_pull_request after pull = self.repo.create_pull(...). Need design decision on how to find the ""original PR"" (search open PRs whose head==branch_name?).; Task 4 reverify: bug still present on origin/dev@1925a3083 (only commit touching root-cause file since v4.10.0 was ruff refactor 3d620762d)."
2325,bulkdata,A,feature,REPRODUCED-on-v4.10.0,"No `set_validation_rule_status` or `disable_validation_rules` task in cumulusci.yml. Analogs exist for triggers (`disable_tdtm_trigger_handlers`/`restore_tdtm_trigger_handlers` lines 738-747) and DuplicateRules (`set_duplicate_rule_status` -> tasks/metadata_etl/duplicate_rules.py). Implementation pattern is established: a `MetadataSingleEntityTransformTask` subclass with `entity = ""ValidationRule""` would satisfy this.",,keep-open,"enhancement,bulkdata,metadata_etl,good-first-issue",v4.10.0,Clear pattern to follow from SetDuplicateRuleStatus. Small implementation effort.
2402,cli,A,feature,REPRODUCED-on-v4.10.0,cli/flow.py:119-145 flow_run only has --delete-org flag; no --rebuild-org option; no rg matches anywhere,,closed:stale-24mo,"enhancement,stale",v4.10.0,Stale 5yr; tracked as W-10502624
2500,docs,feature-with-doc-component,doc-gap,REPRODUCED-on-dev,"prescod (2021) flagged that ``ignore_failure`` is not documented. On dev, the option is real and supported: ``Step.ignore_failure: bool = False`` (``cumulusci/utils/yaml/cumulusci_yml.py:45``), used in ``flowrunner.py:667`` as ``allow_failure=step_config.get(""ignore_failure"", False)``, and present in the JSON schema (``cumulusci/schema/cumulusci.jsonschema.json:149``). In the docs directory, the only mentions are (a) a single example YAML at ``docs/config.md:800`` (in a release-flow snippet) and (b) a one-line changelog blurb at ``docs/history.md:5993``. The ""Flow Configurations"" chapter has subsections for ""Add a Flow Step"", ""Skip a Flow Step"", ""Replace a Flow Step"", ""Conditionally Run a Flow Step"" (``when:``), but no parallel subsection for ``ignore_failure``. The follow-up GUS ticket W-10908655 (davidmreed, 2022-03-28) was created but nothing landed.",/tmp/repro/17/tests/test_issue_2500.py,keep-open,"area/docs,area/flows,good-first-issue",dev,"Pass-2: trivial documentation PR. Fix sketch: add a ``### Ignore a Failed Step`` (or ``Continue on Step Failure``) subsection under ``## Flow Configurations`` in ``docs/config.md``, parallel to ""Conditionally Run a Flow Step"". Cover: (1) what the option does (don't raise the task's exception; the flow continues with the next step); (2) interaction with ``result`` / ``return_values`` for downstream steps that conditioned on success; (3) when NOT to use it (silently swallowing failures hides regressions in CI); (4) link to the ``when:`` mechanism for branching instead of swallowing."
2505,bulkdata,A,feature,NOT-REPRODUCED-on-v4.10.0,"`MappingStep.soql_filter` field added (mapping_parser.py:120). `extract.py:142-147` applies it via `append_filter_clause` (extract.py:420). Also surfaced in extract-mapping generator (extract_mapping_file_generator.py:26 reads `where:` from declarations into `soql_filter`). Tests cover plain filter, filter prefixed with WHERE, and no-record-type variants (test_extract.py:1216,1248,1280).",,closed:feature-implemented,"resolved,bulkdata,extract_dataset",v4.10.0,WHERE-clause filtering for extraction is implemented via `soql_filter` per mapping step.
2506,bulkdata,A,feature,REPRODUCED-on-v4.10.0,"Snowfakery task DOES respect `get_debug_mode()` (snowfakery.py:241,355,385,565) and prints the working tempdir on each loop iteration. But the core bulk operations (extract.py, load.py, step.py) have no `--debug` mode that retains tempfiles or logs their paths. extract.py and step.py have ZERO matches for debug_mode/get_debug_mode/delete=False.",,keep-open,"enhancement,bulkdata,extract_dataset,load_dataset,debugging",v4.10.0,Partial: Snowfakery only. Could be extended to load_dataset/extract_dataset by wiring `get_debug_mode` and using TemporaryDirectory(delete=False) when set.
2507,cli,A,feature,REPRODUCED-on-v4.10.0,"No undo_insert task in repo; bulkdata/load.py and snowfakery have enable_rollback option but only triggers on error, not the requested ad-hoc undo",,closed:stale-24mo,"enhancement,stale,partially-fixed",v4.10.0,Partial mitigation via enable_rollback (rollback on error); standalone undo task still missing
2508,bulkdata,A,feature,REPRODUCED-on-v4.10.0,"No retry-only-failed-records feature in v4.10.0. `cci task list` shows zero retry-named tasks. There is an `enable_rollback` option on load_dataset (load.py:97-98, RollbackType enum at load.py:1051) but that performs the OPPOSITE: undoes successful inserts when failures occur. RowErrorChecker (utils.py:158) only logs/raises; it does not persist failed rows for retry.",,keep-open,"enhancement,bulkdata,load_dataset,reliability",v4.10.0,Distinct from rollback. Would require persisting failed-record CSV/SQL output and a new task that consumes it.
2667,auth,enhancement,cli-output,NOT-REPRODUCED-on-dev,"cumulusci/cli/org.py:204 already emits ""Connecting org using the {connected_app_name} connected app..."" before connecting. Implemented by commit 40520bee4 (2022-01-31, post-issue-filing). Existing tests at cumulusci/cli/tests/test_org.py:135 and :191 assert the connected-app name is present in CLI output for both default (""built-in"") and non-default (""other"") connected apps. All 10 org_connect tests pass on dev (1925a3083). Issue description requested ""Using connected_app 'xyzzy'""; current implementation produces functionally equivalent message.",,close-stale,"resolved,implemented",dev,"Originally requested by prescod 2021-06-08; davidmreed noted W-9863651 covering on 2022-01-28. Implementation landed shortly after. davisagli's follow-up suggestions (storing connected_app on OrgConfig, configurable login URLs per connected app) are partially addressed: org_config.config[""connected_app""] is now stored (line 155). Login-URL-per-connected-app remains a separate concern not blocking close."
2697,cli,B,bug,INCONCLUSIVE-needs-scratch-slot,namespaced field is sourced from cci config not auto-derived from SFDX qa.json; keychain create_scratch_org defaults namespaced=False (base_project_keychain.py:74). Requires scratch org to confirm cli/org.py 'org info' output behavior matches reporter's expectation,,closed:stale-24mo,"bug,stale,needs-info",v4.10.0,User expectation conflicts with cci design; field is cci-controlled not derived from SFDX def. Scratch creation skipped (DevHub limit prudence); behavior likely unchanged
2826,metadata-etl,B,bug,REPRODUCED-on-dev,PackageXmlGenerator.parse_types (cumulusci/tasks/metadata/package.py:107) calls os.listdir(self.directory) without a pre-check; UpdatePackageXml._run_task (line 612) does not guard. Unit repro raises FileNotFoundError when path is missing rather than silently no-opping the way the issue title says deploy_unmanaged 'is supposed to',/tmp/repro/5/tests/issue-2826/repro_unit.py,keep-open,"bug,good-first-issue",dev,"Behavior unchanged from 2021. Smallest change: in UpdatePackageXml._init_task (or _run_task) skip with logger.info('No package directory at {path}; skipping') when not Path(path).exists(). Could also be done at the deploy_unmanaged flow level via a `when:` clause, e.g. when: project_config.has_package_directory.; Task 4 reverify: bug still present on origin/dev@1925a3083 (only commit touching root-cause file since v4.10.0 was ruff refactor 3d620762d)."
2951,bulkdata,A,bug,REPRODUCED-on-v4.10.0,"Loader has no special PricebookEntry sequencing logic. Within a single Insert PricebookEntry mapping step, records (whether targeting Standard Price Book or custom) are sent to Bulk/REST in mixed order, hitting STANDARD_PRICE_NOT_DEFINED. Mitigation: hardcoded_default_declarations.py:14-18 filters out Standard Price Book during extract_dataset by default, so the typical extract->load round-trip avoids this. But manually-authored mappings (like reporter's) still hit it.",,keep-open,"bug,bulkdata,load_dataset,pricebook,documentation",v4.10.0,"Could be addressed by either (a) auto-splitting PricebookEntry into two implicit steps (standard first, custom second), or (b) documenting that PricebookEntries against Standard pricebook must be in a separate, earlier mapping step."
2979,packaging,A,feature,REPRODUCED-on-v4.10.0,deploy task in cumulusci.yml still hardcodes path: src; default_package_path exists but is not wired into Deploy task,,keep-open,"severity:low,area:packaging,area:sfdx,state:needs-design",v4.10.0,default_package_path is wired only into create_package_version; would need backwards-compat design (per davisagli comment)
3015,cli,A,feature,REPRODUCED-on-v4.10.0,cli/org.py:519-543 org_remove always calls delete_org() if can_delete; no --keep-org or -o flag,,closed:stale-24mo,"enhancement,stale",v4.10.0,Stale 4yr; tracked as W-10502512; davisagli workaround (delete .org file directly) still applies
3024,cli,A,feature,REPRODUCED-on-v4.10.0,Flow groups in cumulusci/cumulusci.yml still appear in original order: Metadata Transformations first; Continuous Integration appears at position ~23. User-requested 'Org Setup' group does not exist (uses 'Setup' instead),,closed:stale-24mo,"enhancement,stale",v4.10.0,Stale 4yr cosmetic VS Code extension request
3137,metadata-etl,A,feature,REPRODUCED-on-v4.10.0,CustomObjectParser at package.py:443-461 still skips non-__c/__mdt/__e/__b objects; no opt-in option added to UpdatePackageXml,,keep-open,"severity:low,area:metadata-etl,type:enhancement,state:needs-design",v4.10.0,Maintainer agreed in 2022 it's by-design; needs design for an include_standard_objects option
3161,cli,A,feature,REPRODUCED-on-v4.10.0,flowrunner.py:317-320 _obfuscate_if_sensitive masks if task_options info.sensitive==True; partial implementation. No CLI-time hide flag for ad-hoc values like robot__vars; robot vars option not marked sensitive,,closed:stale-24mo,"enhancement,stale,partially-implemented",v4.10.0,Infrastructure exists for sensitive task option metadata; user's ad-hoc CLI -o hiding still missing
3165,metadata-etl,B,bug,REPRODUCED-on-v4.10.0,"_expand_package_xml_objects (which adds objects referenced by record_types to the retrieve package.xml) is only invoked from inside _expand_package_xml, which is gated on include_packaged_objects=True (update_profile.py:137-138 and 182). When include_packaged_objects is False (the default unless project's minimum_cumulusci_version >= 3.9.0), record_types referencing standard objects not already in admin_profile.xml (e.g. Case) are never added to the retrieve, the retrieved Admin profile lacks those recordTypeVisibilities, and _set_record_types raises TaskOptionsError 'Record Type X not found in retrieved Admin.profile'. Existing test test_init_options__include_packaged_objects asserts _expand_package_xml.assert_not_called() in that branch (test_ProfileGrantAllAccess.py:609-615) which proves the gating",/tmp/repro/5/tests/issue-3165/repro_unit.py,keep-open,bug,v4.10.0,"Smallest fix: in update_profile.py:137 always call self._expand_package_xml_objects(package_xml) (regardless of include_packaged_objects), and only call self._expand_package_xml when include_packaged_objects is True. _expand_package_xml_objects only walks the user-supplied record_types option; it does not need a Tooling API query."
3167,metadata-etl,B,feature,NOT-REPRODUCED-on-v4.10.0,"page_layout key on record_types is fully implemented in ProfileGrantAllAccess._set_record_types (update_profile.py:280-298). Documented in the record_types task option description (update_profile.py:32-34). Landed in PR #3243 (commit f2ff04bd5) in June 2022, well before v4.10.0",,close-as-implemented,enhancement,v4.10.0,Feature is shipped; documentation is in cci task info `update_admin_profile`. Could add a CHANGES note or a docs example showing the page_layout usage.
3283,bulkdata,A,bug,NOT-REPRODUCED-on-v4.10.0,"PR #3361 (commit b0bfb70e0, ""Support updates and upserts with blank dates represented by strings"") is in v4.10.0 (verified via `git merge-base --is-ancestor`). Fix at step.py:795-796: for UPDATE/UPSERT, empty strings are converted to None. Repro test confirms empty Birthdate -> JSON null for both UPDATE and UPSERT, and is dropped entirely for INSERT.",/tmp/repro/9/tests/test_3283_empty_date.py,closed:fixed-by-pr-#3361,"resolved,bulkdata,load_dataset",v4.10.0,"Reporter's own last comment (""Fixed in #3361"") confirms this; repro test now verifies behavior on v4.10.0 source."
3306,scratch-org-config,feature,no-test-feature-request,NOT-REPRODUCED-on-dev,"`cci org scratch ... --release preview` exists in cumulusci/cli/org.py:567 but `cci flow run` has no `--release`/`--preview` flag (cumulusci/cli/flow.py 119-150). Internally tracked as W-11486409; no PR landed. Issue is a never-implemented enhancement, not a regression.",,keep-open,"enhancement,needs-spec",dev,"Workaround today is `cci org scratch <name> <alias> --release preview` then `cci flow run dev_org --org <alias>`. No test written — API/UX (--preview vs --release flag, semantics for non-scratch orgs) not yet specced."
3307,cli,A,feature,REPRODUCED-on-v4.10.0,cli/project.py project_init only renders internal Jinja templates from cumulusci/files/templates/project; no --template option exists,,closed:stale-24mo,"enhancement,stale",v4.10.0,Stale 4yr; user marked 'low priority/nice to have'
3320,metadata-etl,A,feature,NOT-REPRODUCED-on-v4.10.0,deactivate_flow task is shipped in cumulusci/cumulusci.yml:10-15 using ActivateFlow class with status:False,,closed:feature-implemented,"area:metadata-etl,type:enhancement,resolution:already-implemented",v4.10.0,Reporter likely missed that deactivate_flow exists; ActivateFlow.status:False does the work
3331,metadata-etl,A,bug,REPRODUCED-on-v4.10.0,metadata_map.yml line 46 maps assignmentRules folder to type AssignmentRule (singular); MDAPI requires AssignmentRules plural,/tmp/repro/2/tests/test_issues_bucket_a.py::test_issue_3331_assignment_rules_metadata_type_plural,keep-open,"severity:medium,area:metadata-etl,type:bug,good-first-issue",v4.10.0,One-line fix in metadata_map.yml; reporter offered a PR; cross-cutting hint: autoResponseRules already plural in same file
3347,release-unlocked-beta-typeerror,C,code-only,NOT-REPRODUCED-on-v4.10.0,create_package_version.py:158-159 now raises TaskOptionsError(PERSISTENT_ORG_ERROR) early when org_config.config_file is None; replaces the cryptic TypeError reported. Fix landed in commit 2a9cadcb1 on 2023-10-12. Existing test at cumulusci/tasks/tests/test_create_package_version.py::TestPackageConfig::test_org_config validates the new behavior (passes on HEAD).,cumulusci/tasks/tests/test_create_package_version.py::TestPackageConfig::test_org_config,close-with-comment,resolved-by-clear-error-message,v4.10.0,Cryptic TypeError replaced by clear actionable TaskOptionsError. Underlying limitation (cannot use persistent org for 2GP package upload) is documented now.
3349,bulkdata,A,bug,REPRODUCED-on-v4.10.0,"mapping_parser.py:177-179 still names recordtype tables as f""{self.sf_object}_rt_mapping"" (and ""_rt_target_mapping""). Two MappingStep entries for the same sf_object (e.g. Account business vs PersonAccount) collide on the same SQLite table when extracted/loaded together. load.py:552 and extract.py:259/393 both use the sf_object-derived names with no per-step disambiguation.",/tmp/repro/10/tests/test_3349_recordtype_table_collision.py,keep-open,"keep-open,bug,area:bulkdata,severity:major,v5-candidate:yes",v4.10.0,"Has maintainer label wi-created (W-11466074). Real bug, fix would change get_source/destination_record_type_table to use self.table when present. Active community impact (Person Accounts + Business Accounts a common case)."
3353,bulkdata,B,feature,REPRODUCED-on-v4.10.0,snowfakery.py:159-162 validates recipe via Path(recipe).exists() with no SOURCE_NAME:path resolution. No call to project_config.sources / source_url anywhere in snowfakery.py. Recipe string is passed straight to Snowfakery as a filesystem path.,none — code-only,keep-open,"keep-open,enhancement,area:bulkdata,severity:minor,v5-candidate:maybe",v4.10.0,"Community resurfaced this in 2024-08 (davidjray, jnesong). Workaround: cci org import. Fix would resolve SOURCE_NAME:path via project_config.get_source(name).fetch().path before Path() validation."
3360,bulkdata,A,feature,NOT-REPRODUCED-on-v4.10.0,"action: select was added by commit b15945203 (Aug 2024) — well before v4.10.0. select_utils.py + step.py SELECT branch + mapping_select.yml fixture confirm full implementation. select_options supports strategy/filter/priority_fields. This is exactly the requested ""read-only object lookup"" feature — populates the lookup table from existing org records without DML.",none — code-only,closed:feature-implemented,"closed:feature-implemented,enhancement,area:bulkdata",v4.10.0,SELECT action lets you reference existing records by similarity / external-id without inserting. Documented in mapping_select.yml. Issue should be closed citing select feature.
3407,keychain,bug,type-bug,REPRODUCED-on-dev,"`BaseProjectKeychain.set_service` (base_project_keychain.py:202-209) annotates `service_config: ServiceConfig`, but `EncryptedFileProjectKeychain._load_service_files` (encrypted_file_project_keychain.py:717) calls it with a raw `str` (encrypted file body) plus `config_encrypted=True`. `_set_service` (line 583-605) explicitly branches on `config_encrypted` and stores the raw blob without ever constructing a ServiceConfig. Annotation is therefore wrong. Two-test repro xfails on dev: (a) annotation-vs-caller introspection; (b) runtime call with a string succeeds, contradicting the type.",/tmp/repro/16/tests/test_issue_3407.py,keep-open,"area/keychain,good-first-issue,type/typing",dev,"Trivial fix: change annotation to `Union[ServiceConfig, str]` or `ServiceConfig | bytes | str` and update docstring. Optionally split into `set_service` (validated ServiceConfig) and `set_encrypted_service` (raw blob) for cleaner API."
3418,packaging,B,bug,INCONCLUSIVE-needs-cumulus-actions-workflow,cci has no auth:sfdxurl:store path; error originates from SFDO-Community/standard-workflows action; comment from davidmreed in 2022 indicated planned external fix,,unchanged,"needs-info,needs-repro",v4.10.0,"Bug is in the third-party github action (SFDO-Community/standard-workflows production-1gp.yml), not in cci. davidmreed promised to address externally; verify SFDO-Community fix landed before triaging."
3429,packaging,A,feature,REPRODUCED-on-v4.10.0,No CUMULUSCI_YML env var or --config-file CLI flag in v4.10.0; config_filename hardcoded; PR #3969 (extra-yaml-cli-flag) is in flight but not merged,,keep-open,"severity:medium,area:packaging,area:cli,state:in-progress",v4.10.0,PR #3969 on branch extra-yaml-cli-flag adds --extra-yaml + CUMULUSCI_EXTRA_YAML; not yet in v4.10.0; close once #3969 merges
3440,packaging,A,feature,REPRODUCED-on-v4.10.0,default_package_path in project_config.py:517 only honors first packageDirectory with default:true; no name-based lookup or multi-package warnings,,keep-open,"severity:low,area:packaging,area:sfdx,area:multi-package",v4.10.0,Same multi-package theme as #2979 and #3429; could be solved jointly with a multi-package config story
3441,packaging,A,feature,REPRODUCED-on-v4.10.0,version_base accepts None / 'latest_github_release' / literal version; no syntax to reset back to default after a flow override; CCI lacks generic null-override mechanism,,keep-open,"severity:low,area:packaging,area:flow-overrides,area:cli",v4.10.0,yippie's comment generalizes the request to a CCI-wide null-override feature; could be solved by a 'default' sentinel string in create_package_version._get_base_version_number
3446,packaging,B,bug,REPRODUCED-on-v4.10.0,_parse_version(None) raises NoneType.split when push_qa is run with --metadata_package_id but no --version/--version_id; user comment about Push API activation is a downstream concern,/tmp/repro/3/tests/repro_3446_push_qa_no_version.py,keep-open,"bug,good-first-issue",v4.10.0,Two-part fix is wanted: (1) validate that version or version_id is required in _init_options; (2) wrap MetadataPackage SOQL in a check that surfaces a friendlier error if Push API is not activated on the org.
3464,docs,feature-with-doc-component,doc-gap,REPRODUCED-on-dev,"yippie (2022) asked for ALL ``cumulusci.yml`` ``project:`` keys to be defined with at least one sentence each in https://cumulusci.readthedocs.io/en/stable/config.html. On dev, the ``Project`` Pydantic model (``cumulusci/utils/yaml/cumulusci_yml.py:135``) declares 9 fields: ``name``, ``package``, ``test``, ``git``, ``dependencies``, ``dependency_resolutions``, ``dependency_pins``, ``source_format``, ``custom``. ``docs/config.md`` shows ONE example YAML block at line 281 covering only ``name`` + ``package``. Substring scan of the file: ``dependency_resolutions`` 0 hits, ``dependency_pins`` 0 hits — those are documented only in ``docs/dev.md`` (lines 499, 509, 535, 596, 724, 727), which is precisely the ""docs are scattered to the wind"" complaint in the issue. ``source_format`` is mentioned in flow examples but not as a project-level key reference. Sub-models (``Package``, ``Git``, ``Test``, ``DependencyResolutions``) have additional second-level fields with no reference at all in ``config.md``. jstvz acknowledged the gap in 2022.",/tmp/repro/17/tests/test_issue_3464.py,keep-open,"area/docs,type/enhancement",dev,"Pass-2: still actionable; significant doc work. Fix sketch: add a ``## Project Configuration Reference`` (or expand the existing ``### Project Configurations`` at line 673) to ``docs/config.md`` that enumerates every ``project:`` key with one-sentence semantics. Source the enumeration from the ``Project``/``Package``/``Git``/``Test``/``DependencyResolutions`` Pydantic models so it stays in sync. Alternative low-effort path: generate the reference from the Pydantic ``__fields__`` + field descriptions at docs-build time (Sphinx extension) — this requires backfilling ``Field(description=...)`` calls on each model attribute, but produces an always-accurate page. Cross-link to the in-depth dependency pages in ``docs/dev.md`` rather than duplicating their content."
3466,packaging,A,feature,NOT-REPRODUCED-on-v4.10.0,RunApexTests in cumulusci/tasks/apex/testrunner.py exposes test_suite_names option (line 173); fully wired through _get_test_classes_from_test_suite_names,/tmp/repro/1/tests/test_issue_3466.py,closed:feature-implemented,"area:packaging,area:apex,state:resolved",v4.10.0,Implemented at some point after the 2022-12 request; W-12214520 backlog item appears completed
3470,cli,A,feature,REPRODUCED-on-v4.10.0,cumulusci.yml:823 only ci_master flow defined; no ci_main alias. davidmreed acknowledged backlog need for flow aliasing first,,closed:stale-24mo,"enhancement,stale,inclusive-language",v4.10.0,Naming/inclusivity request; needs flow aliasing infra
3471,ci-integration,A,bug,REPRODUCED-on-dev,"cumulusci/tasks/github/merge.py line 251 still emits f""Merged {compare.behind_by} commits into branch: {branch_name}"" using github3's compare.behind_by. ""behind_by"" is computed by GitHub's compare-commits API and reflects how many commits the merged commit is behind the destination tip after the comparison ref-point; for some merges (e.g. when the merge target shares an ancestor at the same ref or when GitHub's compare picks the same head), this can return 0 even though the merge POST at line 249 succeeded and shipped a real commit. git log shows the line was last touched as part of the original MergeBranch implementation; no fix has landed since the issue was filed (2022-12). Pattern reported (README/test.txt vs source-code changes) is consistent with how GitHub's compare API treats ""effectively no-op"" merges where the file content already matches downstream content via merge-base.",,keep-open,"bug,github,merge,low-priority",dev,"Fix: replace compare.behind_by with len(list(compare.commits)) or report the actual merged commit SHA returned from self.repo.merge(...). Existing test_merge.py asserts ""Merged 1 commits"" in normal cases but has no test for the behind_by=0 case.; Task 4 reverify: bug still present on origin/dev@1925a3083 (only commit touching root-cause file since v4.10.0 was ruff refactor 3d620762d)."
3479,ci-integration,A,bug,NOT-REPRODUCED-on-v4.10.0,"Reported error ""Expecting value: line 1 column 1 (char 0)"" is the bare json.JSONDecodeError. In v4.10.0 cumulusci/core/config/sfdx_org_config.py lines 38-55 wrap both nonzero return codes AND JSON parse failures from `sfdx org display --json` in SfdxOrgException with explicit ""Failed to parse json from output. Exception: ... Output: ..."" message (wrapping landed in commit 017bc49f4 on 2020-11-24, predating the 2023-01 issue, so the symptom may have come from a different code path or be a regression in the user's specific 3.71.0 environment). davidmreed's only reply (2023-02-22) correctly diagnoses the root cause as shell-expansion of the multiline GHA secret (echo ${{ secrets.DEV_AUTH_URL }} without quotes). Reporter never responded. The issue is a user CI/workflow-config problem; cci's only contribution is the wrapper message, which is already in place on v4.10.0.",,closed:not-reproducible-on-v4.10.0,"awaiting-more-details,external-config",v4.10.0,"No reporter response in 3+ years; root cause is in user's GHA workflow (unquoted multiline secret), not cci. Improved SfdxOrgException wrapping is already in v4.10.0."
3485,cli,A,bug,REPRODUCED-on-dev,cumulusci/tasks/apex/testrunner.py:803-834 still writes a single <testsuite> tag with no <?xml?> declaration and no <testsuites> wrapper; matches user-reported invalid JUnit format exactly.,,keep-open,"bug,area:apex,good-first-issue",dev,Fix is mechanical: prepend XML declaration and wrap in <testsuites>. Old issue but bug still reproducible against v4.10.0.; Task 4 reverify: bug still present on origin/dev@1925a3083 (only commit touching root-cause file since v4.10.0 was ruff refactor 3d620762d).
3492,cli,A,feature,REPRODUCED-on-dev,cumulusci/cli/flow.py:152-162 splits -o key on '__' into exactly 2 parts; passing project__custom__attr would actually error with 'too many values to unpack'. No project-level option override path exists from -o.,,keep-open,"enhancement,area:cli",dev,Feature still missing. Would need new -p / --project-option flag or smarter -o parser.; Task 4 reverify: bug still present on origin/dev@1925a3083 (only commit touching root-cause file since v4.10.0 was ruff refactor 3d620762d).
3506,cli,A,feature,REPRODUCED-on-dev,"cumulusci/core/flowrunner.py:660-672 sets when=step_config.get('when') only on the task: branch. The flow: branch at lines 674-697 never reads when from step_config, so when on a flow-call step is silently ignored.",,keep-open,"enhancement,area:flows",dev,Confirmed silent-ignore behavior the user complained about.; Task 4 reverify: bug still present on origin/dev@1925a3083 (only commit touching root-cause file since v4.10.0 was ruff refactor 3d620762d).
3518,metadata-etl,A,bug,REPRODUCED-on-v4.10.0,picklists.py:177 stores str.lower bound method (not call) so if-default check at line 214 always truthy; every entry overrides record-type default,/tmp/repro/2/tests/test_issues_bucket_a.py::test_issue_3518_picklist_record_type_default_logic_bug,keep-open,"severity:high,area:metadata-etl,type:bug",v4.10.0,Two-line fix at picklists.py:177 (call .lower()) plus rewrite assignment to avoid shadowing
3541,keychain,bug,bug,REPRODUCED-on-dev,"`BaseProjectKeychain.create_scratch_org` (base_project_keychain.py:77-79) builds `sfdx_alias = f""{project_config.project__name}__{org_name}""`. When `project__name` is None (no `project.name` in cumulusci.yml, or project not yet resolved during the eager `_load_scratch_orgs` pass invoked at keychain init, line 45), the resulting alias is the literal string ""None__dev"" \u2014 exactly matching the reporter. Repro builds a BaseProjectConfig without project.name, calls create_scratch_org, asserts alias doesn't contain literal 'None'; xfails on dev. Second test exercises the eager-load path via __init__.",/tmp/repro/16/tests/test_issue_3541.py,keep-open,"area/keychain,area/scratch-orgs,bug",dev,Issue currently labelled `cannot-reproduce` \u2014 evidence here contradicts that label. Recommend removing it. Fix: guard against None (raise CumulusCIException with clear message OR fall back to org_name). Mind the upgrade path \u2014 existing keychains may already contain `None__*` aliases needing migration.
3542,packaging,B,bug,INCONCLUSIVE-needs-2GP-CI-pipeline,github_package_data uses self.project_config.repo_commit (local SHA) verbatim; if the upstream workflow recorded version_id under a merge-commit SHA from pull_request trigger; locally checked-out PR head SHA will not match; cci-side code path unchanged on v4.10.0,,unchanged,"needs-repro,2gp",v4.10.0,Root cause is workflow-vs-local SHA mismatch. May need a docs/CI fix in cumulus-actions/standard-workflows rather than cci. Could add a fallback: search by SHA on parent commits.
3543,metadata-etl,A,feature,REPRODUCED-on-v4.10.0,DxConvertFrom in cumulusci/tasks/dx_convert_from.py only exposes extra and src_dir options; no load_sfdx_project_paths or resolve_sfdx_package_dirs,,keep-open,"severity:low,area:metadata-etl,type:enhancement",v4.10.0,Reporter offered draft PR; could be folded into multi-path support across deploy/uninstall_packaged_incremental too
3544,update-admin-profile-person-accounts-namespaced,C,e2e-config-required,INCONCLUSIVE-needs-namespaced-project,Provisioned scratch org repro-special-c-pa from orgs/person_accounts.json (PersonAccounts + Communities + ContactsToMultipleAccounts features). update_admin_profile task ran SUCCESSFULLY against this non-namespaced person_accounts org on v4.10.0. Bug condition requires BOTH PersonAccounts AND namespaced:true on the project; CumulusCI itself has no project namespace so the second condition cannot be satisfied without registering a namespace in CCIDevHub. No code fix found referencing #3544 or W-12589033 in update_profile.py / admin_profile.xml since 2023.,,needs-info,needs-namespaced-project,v4.10.0,Tracked internally as W-12589033 per davidmreed comment 2023-02-22. Discovered adjacent latent bug at cumulusci/utils/__init__.py:229 where namespaced_org=True with no project namespace raises TypeError: unsupported operand type(s) for + 'NoneType' and 'str' — distinct from #3544 but worth a separate ticket.
3549,cli,A,feature,REPRODUCED-on-v4.10.0,"cumulusci/tasks/salesforce/Deploy.py exposes test_level/specified_tests but does not capture or write JUnit/JSON test output (no junit_output option, no _write_output for tests).",,keep-open,"enhancement,area:metadata-deploy",v4.10.0,Related to #3564. Reasonable feature ask; not implemented.
3561,metadata-etl,B,bug,NOT-REPRODUCED-on-v4.10.0,"Bug was reported by yippie (who is also the PR author). Fix landed in commit 56e10665e (PR #3566, May 2024) by the original reporter. RetrieveUnpackaged._init_options now stores file content under options['package_xml_content'] and leaves the file-path option intact (RetrieveUnpackaged.py:29-31), so the second _init_options invocation in MetaDeploy no longer corrupts the path",,close-as-fixed,,v4.10.0,Suggest closing with a back-reference to PR #3566 in case the original reporter never got back to flip the issue state.
3570,cli,A,feature,REPRODUCED-on-dev,cumulusci/core/flowrunner.py supports per-step ignore_failure (StepSpec.allow_failure) but has no concept of finally:/on_error:/cleanup: steps in a flow definition. No 'always-run' or post-error step type exists.,,keep-open,"enhancement,area:flows",dev,Big design change; unlikely to ship without strong demand.; Task 4 reverify: bug still present on origin/dev@1925a3083 (only commit touching root-cause file since v4.10.0 was ruff refactor 3d620762d).
3585,metadata-etl,A,bug,REPRODUCED-on-v4.10.0,PackageXmlGenerator on .object containing unbound xsi:nil='true' raises XML parse error; no namespace shim added,/tmp/repro/2/tests/test_issues_bucket_a.py::test_issue_3585_xsi_nil_true_breaks_update_package_xml,keep-open,"severity:medium,area:metadata-etl,type:bug,sfdx-compat",v4.10.0,Fix: register xsi namespace before parsing or pre-strip xsi:nil attributes; also fixes #3692 class of issues
3587,packaging,B,feature,NOT-REPRODUCED-on-v4.10.0,PackageXmlGenerator only emits <postInstallClass>/<uninstallClass> when self.managed is truthy; no warning is logged when install_class set with managed=False; live cci task run update_package_xml --install_class X confirms silent drop,/tmp/repro/3/tests/repro_3587_update_package_xml_no_warning.py,keep-open,"enhancement,good-first-issue",v4.10.0,Feature still missing. Smallest implementation: in UpdatePackageXml._init_task; if install_class/uninstall_class set but not self.options.get('managed'); emit self.logger.warning(...).
3593,packaging,A,bug,REPRODUCED-on-dev,SFDXOrgTask._get_command in cumulusci/tasks/sfdx.py:50 unconditionally appends ' -o <username>' for ScratchOrgConfig; no opt-out option,/tmp/repro/1/tests/test_issue_3593.py,keep-open,"severity:medium,area:packaging,area:sfdx,area:dx-task,state:needs-design",dev,Repro test confirms command becomes 'sf project convert source ... -o test@example.com'; sf cli rejects -o for subcommands like 'project convert source'; suggested fix is an opt-out option or auto-detect; Task 4 reverify: bug still present on origin/dev@1925a3083 (only commit touching root-cause file since v4.10.0 was ruff refactor 3d620762d).
3600,packaging,B,feature,NOT-REPRODUCED-on-v4.10.0,cci task option processing only substitutes $project_config.<attr> via PROJECT_CONFIG_RE; YAML loader uses plain yaml.safe_load with no env-var resolver; live install_managed --version '${MY_FAKE_VERSION}' shows literal string in interactive prompt,/tmp/repro/3/tests/repro_3600_install_managed_no_env_var.py,keep-open,enhancement,v4.10.0,Feature not implemented. Scope likely larger than install_managed (would touch all task options); design decision needed: $env:VAR vs ${VAR} syntax; backwards-compat impact on literal $-strings.
3602,robotframework,feature-request,feature,REPRODUCED-on-dev,"cumulusci/robotframework/SalesforcePlaywright.py:60 open_test_browser signature is (self, size=None, useralias=None, wait=True, record_video=None) — no kwarg accepts browser options or **kwargs. cumulusci/robotframework/Salesforce.robot:103 ""Open Test Browser"" robot keyword only takes size/alias/wait/useralias. Chrome options are constructed by Get Chrome Options (Salesforce.robot:157) which hard-codes --disable-notifications with no extension hook.",cumulusci/tests/triage/test_issue_3602.py,keep-open,"enhancement,robotframework,playwright,good-second-issue",dev,"Small-medium feature: add browser_options/extra_options kwarg to both Selenium and Playwright open_test_browser implementations, forward to webdriver options / new_browser kwargs. Pytest asserts signature exposes such a hook."
3603,dependencies,A,bug,REPRODUCED-on-v4.10.0,"Source ref/tag not found leaks raw `404 [No message]` from GitHubSource.resolve() (cumulusci/core/source/github.py L126). Repo-not-found cases (1,2) and `release:` strategy fail (case 5) are already wrapped in DependencyResolutionError; ref-not-found case (3) is not, and dep strategy fall-through (case 4) names the dep but not the strategies tried.",/tmp/repro/11/tests/test_3603_404_messages.py,keep-open,"theme:dependencies,error-handling,good-first-issue",v4.10.0,"Partial repro. Cases 1,2,5 were addressed by commit 738d4a8a4 (2021); cases 3 and 4 remain."
3604,dependencies,A,feature,REPRODUCED-on-v4.10.0,No CCI task exists to write computed dependencies into `sfdx-project.json`. Confirmed via `cci task list` and grep: zero references to writing/updating sfdx-project.json. W-13504384 was filed by maintainer in 2023 but no implementation has shipped through v4.10.0.,,keep-open,"theme:dependencies,enhancement,wi-created",v4.10.0,Pure feature request; gap persists. wi-created label already present.
3605,packaging,A,feature,NOT-REPRODUCED-on-v4.10.0,PackageUpload (upload_production backing class) exposes major_version and minor_version options (cumulusci/tasks/salesforce/package_upload.py:39-46); _validate_versions handles major bump,/tmp/repro/1/tests/test_issue_3605.py,closed:fixed-by-pr-#3651,"area:packaging,area:1gp,state:resolved",v4.10.0,Implemented in commit 87b94440e (PR #3651 'Deploy Major and Minor Version option in upload_production task')
3607,cli,A,bug,INCONCLUSIVE-needs-org-with-managed-package,"Code path traced in cumulusci/tasks/apex/testrunner.py: retry_failures regex compiled at line 209-222, _is_retriable_failure (line 405) checks Message and StackTrace via re.search. Repro test at /tmp/repro/8/tests/test_3607_retry.py confirms 'UNABLE_TO_LOCK_ROW' regex DOES match the user's quoted message in pure Python. Likely user-side: wrapped exception so Message lacks the literal token, or managed-class symbol-table skip at line 448-452.",/tmp/repro/8/tests/test_3607_retry.py,closed:stale-24mo,"bug,area:apex,needs-info",v4.10.0,Code logic is correct as written. To definitively reproduce we need a managed package and an org producing the exact failure shape. 30+ months no follow-up from reporter.
3609,cli,A,bug,INCONCLUSIVE-needs-live-cli-test,"cumulusci/tasks/sfdx.py is now a thin shell wrapper around 'sf {command}' (SFDX_CLI = 'sf' in v4.x; was 'sfdx' in 3.76.0 when reported). The user's syntax 'plugins:install ...' is sfdx-style with colon; 'sf' uses 'plugins install' (space). Underlying timeout originates from the sfdx/sf CLI itself, not CCI.",,closed:stale-24mo,"bug,upstream:sf-cli",v4.10.0,"Not a CCI bug. CCI faithfully shells out. Old issue, CLI changed substantially since."
3610,apex,Fixed-on-dev,negative-test,NOT-REPRODUCED-on-dev,Fixed by PR #3681 (commit 84389d998); cumulusci/tasks/apex/testrunner.py:500-510 handles None method name; regression tests already exist on dev,,closed:pr-resolved-#3681,,dev,"Fixed by PR #3681 (commit 84389d998b4783ddd2ff062f486a2366709cac27, ""Handling exception when the Tooling API returns a test result with a null method name""). cumulusci/tasks/apex/testrunner.py lines 500-510 detect None in method_names, remove the None key, enqueue the affected class for retry, and bump counts['Retriable']. Regression tests test_run_task_None_methodname_fail / test_run_task_None_methodname_pass pass on origin/dev@1925a3083."
3612,cli,A,feature,NOT-REPRODUCED-on-v4.10.0,"Issue is about the SFDO-Tooling/cci-vscode VSCode extension repo, not CumulusCI itself. Out of scope for this repository.",,closed:not-reproducible-on-v4.10.0,"enhancement,wontfix,wrong-repo",v4.10.0,Should be filed against SFDO-Tooling/cci-vscode.
3613,metadata-etl,B,bug,REPRODUCED-on-v4.10.0,Live repro: `cci task run add_page_layout_fields --org repro-etl-b-dev -o api_names Account` -> 'Cannot find metadata file ...layouts/Account.layout' from MetadataSingleEntityTransformTask (base.py:332). Same task with correct API name format `Account-Account Layout` succeeds. Underlying functionality works; the user-visible bug is the unhelpful error when the api_name does not match the Layout file naming convention <Object>-<LayoutName>,/tmp/repro/5/tests/issue-3613/output-just-object.txt,improve-error-message,"bug,good-first-issue",v4.10.0,"Original report has no log of the exact api_names value passed; the cropped screenshot only shows 'page layouts'. Two improvements would help: (1) in _transform; if path does not exist, log the list of files actually retrieved into source_metadata_dir to help users identify naming mismatch; (2) in AddFieldsToPageLayout._init_options; warn when api_name does not contain '-'."
3615,dependencies,A,bug,NOT-REPRODUCED-on-v4.10.0,"`--resolution_strategy preproduction` is documented in cumulusci.yml as an alias for `latest_release` (which contains [tag, latest_release, unmanaged] and intentionally omits `latest_beta`). User wanted `include_beta`. Tests confirm preproduction == production == latest_release stack. Working as documented.",/tmp/repro/11/tests/test_3615_preproduction_strategy.py,closed:not-reproducible-on-v4.10.0,"theme:dependencies,docs",v4.10.0,"Naming is confusing -- ""preproduction"" sounds like ""beta-friendly"" but it isn't. Docs-improvement candidate; no code bug."
3618,cli,A,feature,REPRODUCED-on-dev,"cumulusci/cli/org.py:519-545 (org_remove) and 605-625 (org_scratch_delete) accept a single org_name argument via orgname_option_or_argument. No comma-separated list, no batch mode.",,keep-open,"enhancement,area:cli,good-first-issue",dev,Modest feature; could be implemented by accepting nargs=-1 or comma-split arg.; Task 4 reverify: bug still present on origin/dev@1925a3083 (only commit touching root-cause file since v4.10.0 was ruff refactor 3d620762d).
3619,dependencies,A,bug,REPRODUCED-on-v4.10.0,"Two-part bug confirmed. (A) `parse_pins()` raises DependencyParseError if a `dependency_pins` entry includes `password_env_name:` -- because GitHubDependencyPin only declares `github` and `tag`. (B) When a dynamic dep has `password_env_name` and a pin matches, `pin.pin()` calls GitHubTagResolver().resolve() directly, bypassing resolve_dependency()'s password-propagation logic; resulting `package_dependency.password_env_name` is None.",/tmp/repro/11/tests/test_3619_pin_password.py,keep-open,"theme:dependencies,bug",v4.10.0,Strong repro. Fix needs both (A) add password_env_name field to GitHubDependencyPin and (B) propagate it onto package_dependency in pin.pin() -- mirroring resolvers.py L644-654.
3649,bulkdata,A,feature,REPRODUCED-on-v4.10.0,"update_data.py:184 and :211 both pass api_options={} hardcoded to get_dml_operation. No task option exposes bulk job concurrency mode (Serial/Parallel). step.py BulkApiDmlOperation honors api_options[""bulk_mode""] but UpdateData never sets it. Other tasks (snowfakery, load_dataset) DO let users pick bulk_mode; update_data is the gap.",none — code-only,keep-open,"keep-open,enhancement,area:bulkdata,severity:minor,good-first-issue,v5-candidate:yes",v4.10.0,Author offered to contribute. Small fix: add bulk_mode option to UpdateData.task_options and pipe it through to api_options. Mirrors LoadData pattern.
3663,cli,A,feature,REPRODUCED-on-dev,cumulusci/core/flowrunner.py:510-516 _run_step builds the when Jinja context from only project_config and org_config. No prior-task return values are exposed to the when expression.,,keep-open,"enhancement,area:flows",dev,Would need to thread results dict (or ^^ resolver) into the when context.; Task 4 reverify: bug still present on origin/dev@1925a3083 (only commit touching root-cause file since v4.10.0 was ruff refactor 3d620762d).
3692,metadata-etl,A,bug,REPRODUCED-on-v4.10.0,digitalExperiences key absent from metadata_map.yml; PackageXmlGenerator raises MetadataParserMissingError on Enhanced LWR sites,/tmp/repro/2/tests/test_issues_bucket_a.py::test_issue_3692_digital_experiences_in_metadata_map,keep-open,"severity:medium,area:metadata-etl,type:bug",v4.10.0,Add digitalExperiences/digitalExperienceConfigs entries to metadata_map.yml; needed for Winter '24+ LWR sites
3699,bulkdata,A,feature,REPRODUCED-on-v4.10.0,"extract.py _soql_for_mapping does not append ORDER BY. mapping_parser MappingStep has no order_by/sort field. soql_filter however allows arbitrary trailing SOQL so users CAN write soql_filter: ""Name != 'X' ORDER BY CreatedDate"" — this works because append_filter_clause just concatenates after WHERE. So a workaround exists; an explicit field would be a UX win.",none — code-only,closed:stale-24mo,"closed:stale-24mo,enhancement,area:bulkdata",v4.10.0,Workaround via soql_filter ORDER BY makes this lower priority. Author hasn't followed up. Closing as stale is fine; can reopen if explicit order_by becomes a v5 ask.
3700,bulkdata,A,bug,REPRODUCED-on-v4.10.0,"mapping_parser.py:373-377 _get_required_permission_types returns (""updateable"", ""createable"") for any UPSERT. Master-detail lookup fields in Salesforce are createable but NOT updateable, so _check_field_permission rejects them, raising ""Field xxx__c does not have the correct permissions ('updateable', 'createable') for this operation."" Repro test confirms with simulated MD describe.",/tmp/repro/10/tests/test_3700_master_detail_upsert_perm.py,keep-open,"keep-open,bug,area:bulkdata,severity:major,good-first-issue,v5-candidate:yes",v4.10.0,"Real bug, applies to any upsert involving an MD child. Fix should detect master-detail fields (relationshipName + cascadeDelete) and require only createable for those, OR loosen the upsert lookup-field check to ""createable OR updateable""."
3701,bulkdata,A,feature,REPRODUCED-on-v4.10.0,"mapping_parser.py:171/190/228/241/422 special-case ""Id"" — it always represents the SF Id and goes to sf_id-typed columns. There is no mechanism to make a different field (e.g. an external-id like BCM_Unique_Id__c) act as the row primary key in the extracted SQLite. The ""Id : OtherField"" mapping the user wrote is interpreted as ""extract SF Id into column OtherField"", not ""make OtherField the primary key"".",none — code-only,closed:stale-24mo,"closed:stale-24mo,enhancement,area:bulkdata",v4.10.0,"Closely tied to #3699 (sort/diff motivation). Author hasn't followed up. Workaround: extract SF Id into a chosen column, then post-process. The deeper PK-replacement feature would touch many places."
3717,ci-integration,A,bug,INCONCLUSIVE-needs-cumulus-actions-workflow,"cumulusci/core/config/project_config.py repo_info property (lines 220-255) only auto-detects from environment when CUMULUSCI_AUTO_DETECT is set, and only handles Heroku CI (HEROKU_TEST_RUN_ID/BRANCH/COMMIT_VERSION). Repo-wide grep for ""GITHUB_REF"" / ""GITHUB_HEAD_REF"" / ""GITHUB_SHA"" / ""GITHUB_ACTIONS"" returns ZERO matches in cci source. So when run inside a GitHub Actions job the only way for repo_branch to be populated is (a) CUMULUSCI_REPO_BRANCH env var set by the workflow, or (b) git inference via current_branch(self.repo_root). On push events GHA checks out a detached HEAD, so (b) returns None. The reporter's symptom (repo_branch=None for push-triggered ci_feature, but works on workflow_dispatch where the branch ref is checked out by name) is exactly what this code path produces. The fix lives in the cumulus-actions/standard-workflows YAMLs (set CUMULUSCI_REPO_BRANCH from github.event.ref or github.head_ref before invoking cci) — not in the cci codebase. Same precedent as #3418.",,unchanged,"external-config,cumulus-actions,needs-info",v4.10.0,"Mirrors #3418 precedent (INCONCLUSIVE-needs-cumulus-actions-workflow). Could optionally be addressed inside cci by adding GitHub Actions auto-detection in repo_info (similar to Heroku block), reading GITHUB_REF/GITHUB_SHA — that would be a separate enhancement."
3721,packaging,A,feature,REPRODUCED-on-v4.10.0,create_package_version.py:184 still defaults version_name to literal 'Release'; upload_production hardcodes name: Release in cumulusci.yml:685,,keep-open,"severity:low,area:packaging,area:1gp,area:2gp",v4.10.0,muselab-d2x fork commit 7aaf348f3 implements jinja2 templating for PackageUpload; not merged upstream; would need port + design for create_package_version too
3734,packaging,B,bug,REPRODUCED-on-v4.10.0,PackageUpload._validate_versions SOQL ORDER BY ... PatchVersion DESC; ReleaseState DESC LIMIT 1 returns a Beta patch (e.g. 6.13.1 Beta) as latest; then minor_version is set to the patch's MinorVersion (13); colliding with already-Released 6.13 server-side,/tmp/repro/3/tests/repro_3734_upload_production_beta_patch.py,keep-open,bug,v4.10.0,User's own analysis in last 3 comments is correct; current 'cannot-reproduce' label is stale; should be removed. Fix candidates: filter out Beta+Patch from the latest-version query; or filter ReleaseState='Released' for minor-detection and use a separate query for Beta.
3745,packaging,B,code-review,NOT-REPRODUCED-on-v4.10.0,latest_beta resolver looks up GitHub Releases (include_beta strategy) per install_package_version.py L96-100; reporter ran create_package_version standalone without release_2gp_beta which publishes the beta tag. Working as designed; reporter accepted the explanation 2024-02-13 and indicated closure intent.,/tmp/repro/4/evidence/3745-source-and-design.txt,closed:stale-24mo,n/a,v4.10.0,"No code defect; doc-improvement opportunity. Original closed:stale-24mo proposal stands. Could optionally add closed:not-a-bug if that vocabulary exists, but stale-24mo is fine."
3746,packaging,B,code-review,REPRODUCED-on-dev,"create_package_version._get_base_version_number SOQL at L535-541 of cumulusci/tasks/create_package_version.py selects highest Package2Version with no IsDeprecated filter. The same file at L297 DOES filter IsDeprecated=FALSE for Package2 lookups, confirming the omission at L535 is asymmetric and matches the report verbatim.",/tmp/repro/4/evidence/3746-source-soql.txt,kept-open,"severity:medium,area:packaging,target:v4-patch,needs-fix-trivial",dev,Trivial 1-line fix (add 'AND IsDeprecated = false' to the SOQL WHERE clause). Currently proposed closed:stale-24mo; recommend flip to kept-open + target:v4-patch given low fix cost and clear customer impact (wrong version numbers on next package version create after a delete).; Task 4 reverify: bug still present on origin/dev@1925a3083 (only commit touching root-cause file since v4.10.0 was ruff refactor 3d620762d).
3754,cli,A,feature,REPRODUCED-on-v4.10.0,cumulusci/cli/utils.py:65-79 hardcodes 'https://pypi.org/pypi/cumulusci/json' with no env-var override or config flag. check_latest_version (line 82) cannot be disabled or redirected.,,keep-open,"enhancement,area:cli",v4.10.0,"User-suggested options (env flag to disable, custom URL) are all viable."
3758,packaging,A,bug,REPRODUCED-on-v4.10.0,push_upgrade_org flow in cumulusci/cumulusci.yml:1161-1177 still calls 'flow: config_qa' as final step; should be config_managed per bug report,/tmp/repro/1/tests/test_issue_3758.py,keep-open,"severity:medium,area:packaging,area:flows,good-first-issue",v4.10.0,Single-line YAML fix; both flows have same steps so behavior is currently equivalent but semantically wrong
3762,metadata-etl,B,bug,closed:duplicate-of-#3544,"Reporter (noahisapilot) explicitly self-identifies as duplicate of #3544 in their first comment on 2024-03-06. Both report the same root cause: update_admin_profile fails on a namespaced scratch org with PersonAccounts because the retrieved profile contains 'Account.Business_Account' record type with no namespace, but the namespace gets injected onto recordType references. The reporter's analysis even links the offending line at update_profile.py L238 (now L236 in v4.10.0)",,close-as-duplicate,,v4.10.0,Self-confirmed duplicate. No live repro performed per dup-confirm protocol. Canonical #3544 is still OPEN at v4.10.0 with a 'wi-created' label (W-12589033).
3768,bulkdata,B,bug,REPRODUCED-on-v4.10.0,"snowfakery.py architecturally creates a separate working dir per batch via shutil.copytree(template_path, data_dir) (queue_manager.py:322). _cleanup_object_tables (snowfakery.py:721) drops every non-sf_ids table from the template before it is copied to subsequent batch dirs, so just_once Account rows are gone from batch_2+. random_reference: Account in batch_2+ would resolve only against rows generated within that batch; with just_once: true, no Accounts are generated, so the random_reference cannot pick anything. The user's observed first-batch-works / later-batches-don't matches this exactly.",none — code-only,keep-open,"keep-open,bug,area:bulkdata,severity:major,v5-candidate:maybe",v4.10.0,Mixed CCI/Snowfakery responsibility. Could be fixed in CCI by preserving just_once-referenced object data (not just sf_ids) in the template carried to subsequent batches. Coordination with snowfakery dev branch likely needed.
3771,metadata-etl,A,bug,REPRODUCED-on-v4.10.0,transforms.py transform_xpath() wraps tags in *[local-name()=...] but leaves predicate inner refs (e.g. price>40) namespace-bound; PR #3772 from leboff fork not merged,/tmp/repro/2/tests/test_issues_bucket_a.py::test_issue_3771_xpath_predicate_with_xmlns_resolves,keep-open,"severity:medium,area:source-transforms,type:bug,has-pr",v4.10.0,PR #3772 from external fork rewrites approach to strip xmlns; consider rebasing or implementing reporter's suggested 'remove xmlns then re-add' approach
3773,metadata-etl,A,bug,REPRODUCED-on-v4.10.0,retrieve_profile_api.py _queries_retrieve_permissions never queries FieldPermissions table; only ObjectPermissions/SetupEntityAccess/PermissionSetTabSetting,/tmp/repro/2/tests/test_issues_bucket_a.py::test_issue_3773_retrieve_profile_queries_field_permissions,keep-open,"severity:medium,area:retrieve-profile,type:bug",v4.10.0,Architectural gap; field perms on standard objects without object perms are silently dropped; would benefit from org-side end-to-end verification but code evidence is conclusive
3849,python-modernization,Active-regression,import-only,REPRODUCED-on-dev,pyproject.toml pins selenium<4 + robotframework-seleniumlibrary<6 with no urllib3<2 cap; fresh pip resolves urllib3>=2 and breaks selenium 3.141.0,/tmp/repro/18/tests/test_issue_3849.py,keep-open,"needs:dependency-modernization,target:v5",dev,"pyproject.toml still pins selenium<4 and robotframework-seleniumlibrary<6 (lines 50, 54) with no urllib3 upper bound; requests permits urllib3<3,>=1.26 so a fresh pip install picks urllib3>=2.x. Selenium 3.141.0's connection pool uses the pre-2.0 Timeout sentinel API and breaks at Robot import. The local .venv survives only because uv.lock pins urllib3==1.26.20. The modernization (drop selenium<4 / robotframework-seleniumlibrary<6 OR add explicit urllib3<2) has not landed."
3852,cli,A,bug,REPRODUCED-on-v4.10.0,"pyproject.toml:52 still pins 'sarge' unconstrained; installed sarge 0.1.7.post1 lacks Capture.flush (verified: hasattr(sarge.Capture,'flush')==False). cumulusci/core/config/sfdx_org_config.py:212 still calls self.sfdx_info inside refresh_oauth_token, which triggers the AttributeError on Python 3.13 logging path.",,keep-open,"bug,upstream:sarge,py313",v4.10.0,"Per maintainer note in thread: cosmetic only (no functional impact), waiting on sarge 0.1.8 release. Could pin sarge to a git rev (gabrielrholl's note) but not preferred."
3854,cli,A,bug,REPRODUCED-on-v4.10.0,cumulusci/tasks/bulkdata/extract.py:371-374 still raises ConfigError 'Total mapping operations (X) do not match total non-empty rows (Y) for lookup_key' identical to user report. Validation introduced in PR #3741 / commit 2c5d0056e per swirkens' comment is still active in v4.10.0.,,keep-open,"bug,area:bulkdata,regression",v4.10.0,Workaround in thread: downgrade to 3.84.1. Real fix needed for polymorphic lookups.
3873,robotframework,feature-request,feature,REPRODUCED-on-dev,"cumulusci/robotframework/Salesforce.py and SalesforcePlaywright.py both subclass BaseLibrary (base_library.py) which imports cumulusci-internal services (CumulusCI, SalesforceAPI); the libraries cannot be used standalone without a CumulusCI project context",,keep-open,"enhancement,robotframework,scope-large",dev,Large architectural ask. No PR submitted in 16 months. Would require decoupling FakerMixin/BaseLibrary/Salesforce from cumulusci.core. No concrete API to test; tagging as feature-still-missing. Reasonable to keep open for future Copado-QForce-style refactor or close as wont-fix if scope is out-of-charter.
3884,packaging,B,partial-runtime,INCONCLUSIVE-needs-project-with-managed-deps,"Source review: PackageNamespaceVersionDependency.install (dependencies.py L437-475) and PackageVersionIdDependency.install (L499-528) BOTH guard with skip-if-already-at-this-or-newer-version logic. CumulusCI repo itself has no project__dependencies block, so end-to-end dev_org rerun cannot exercise the path. Likely the report conflates 'Resolving dependencies...' log noise or unmanaged-metadata redeploys with reinstalls.",/tmp/repro/4/evidence/3884-source-skip-logic.txt,closed:missing-fields,n/a,v4.10.0,"Original closed:missing-fields (rule 3 missing cci-version) is appropriate. Source review shows skip logic is in place; report may reflect unmanaged-metadata redeploy or user perception of log output. Without a customer project to reproduce on, no further action."
3886,dependencies,A,bug,REPRODUCED-on-v4.10.0,"Warning ""Optional dependencies are missing... cumulusci[select]"" emits at import time of cumulusci/tasks/bulkdata/select_utils.py whenever numpy/pandas/annoy/sklearn aren't installed. extract.py -> mapping_parser/step -> select_utils import chain triggers it on every extract_dataset run, even when no select strategy is configured. Behavior added in PR #3858 (89a5b5ddb) and unchanged through v4.10.0. Extraction itself works fine; only the noise persists.",/tmp/repro/11/tests/test_3886_select_warning.py,keep-open,"theme:dependencies,bulkdata,ux,log-noise",v4.10.0,"Dual-themed (bulkdata + dependencies); classified under dependencies per the bundle instructions. Fix candidates: defer warning until select strategy is actually used, or downgrade to debug-level."
3889,packaging,A,feature,REPRODUCED-on-v4.10.0,UninstallPackage only accepts namespace (1GP); UninstallPackageZipBuilder uses InstalledPackage destructive changes; no 04t/SubscriberPackageVersion-based uninstall task,,keep-open,"severity:medium,area:packaging,area:2gp,area:unlocked-package",v4.10.0,sf cli 'package uninstall -p 04t...' is the underlying API; new UninstallPackageVersion task could wrap Tooling API SubscriberPackageVersion delete
3899,packaging,B,partial-runtime,INCONCLUSIVE-needs-1gp-packaging-org,"unschedule_apex (cumulusci.yml L646-651) sends 1 line of trivial Apex via Tooling API: 'for (CronTrigger t : [SELECT Id FROM CronTrigger]) { System.abortJob(t.Id); }'. Ran cleanly on scratch org repro-pkg-b2-dev. Reporter's error references Salesforce platform-internal Java classes (system.scheduler.cron.JobType, common.udd.constants.CronJobTypeEnum) — root cause is upstream Salesforce platform NPE, not CCI.",/tmp/repro/4/evidence/3899-task-and-error-analysis.txt,kept-open,"severity:minor,area:packaging,external/upstream-salesforce,v5-candidate:no",v4.10.0,CCI sends correct trivial Apex; the System.UnexpectedException originates inside Salesforce's scheduler subsystem. Cannot fix in CCI. Recommend annotating with external/upstream-salesforce label (or equivalent) and considering close-as-not-our-bug after a brief look for any Salesforce known-issue reference.
3902,install-managed-security-type-04t,C,code-only,INCONCLUSIVE-needs-managed-package-04t,v4.10.0 install_package_version.py:162-167 routes 04t versions through PackageVersionIdDependency.install -> install_package_by_version_id -> _install_package_by_version_id which posts {'SecurityType': options.security_type} to the Tooling API PackageInstallRequest (package_install.py:170). Verified runtime serialization: SecurityType.ADMIN serializes to JSON 'NONE'. Both 04t and namespace+version paths pass security_type identically. No code-side defect found.,,needs-info,needs-managed-package-fixture,v4.10.0,"Could not provision a real managed package 04t to validate runtime API behavior. Code path is correct; observed user behavior (tab visible to non-admins) likely originates from Salesforce Tooling API treatment of SecurityType=NONE for upgrades or from package metadata, not from CumulusCI."
3910,scratch-org-config,bug,unit-pytest,REPRODUCED-on-dev,"ScratchOrg.namespaced declared as ``str`` in cumulusci/utils/yaml/cumulusci_yml.py:150; auto-generated cumulusci/schema/cumulusci.jsonschema.json:424 has ""type"": ""string""; ScratchOrg.parse_obj({""namespaced"": True}) silently coerces to ""True"" string. Open PR #3911 fixes both. Six XFAIL assertions added.",cumulusci/tests/triage/test_issue_3910.py,keep-open,"bug,has-open-pr",dev,Fixing the schema alone is insufficient because make schema regenerates it from the Pydantic model. PR #3911 correctly updates both files; recommend nudging it through review.
3929,packaging,B,runtime,NOT-REPRODUCED-on-v4.10.0,"Ran create_community with name=TestWebsite template='Customer Service' url_path_prefix=testwebsite against scratch org repro-pkg-b2-dev (orgs/dev.json with Communities feature). Community 0DBRK000000QtNR4A0 created in ~117s with normal polling escalation (1->2->3->...->8s) and exited the poll loop cleanly — no 300s timeout, no retry. Matches OP comment 2025-10-22 that the underlying SF CLI/server-side issue is fixed.",/tmp/repro/4/evidence/3929-create_community.log,closed:not-reproducible-on-v4.10.0,n/a,v4.10.0,Currently kept-open with needs-repro label; recommend flip to closed:not-reproducible-on-v4.10.0 (NEW vocabulary per spec amendment). Confirmed working end-to-end. Original cause was upstream SF CLI/Communities API bug now fixed.
3931,metadata-etl,B,bug,REPRODUCED-on-v4.10.0,Unit repro (with synthetic profile XML containing a layoutAssignments element that has a <layout> child but no <recordType> child) raises 'AttributeError: NoneType object has no attribute text' at update_profile.py:291 inside _set_record_types. The buggy line is `if elem.find('recordType').text == rt['record_type']:` which assumes every layoutAssignments element has a recordType child; this is not true (a layoutAssignments without recordType applies to records without a record-type binding),/tmp/repro/5/tests/issue-3931/repro_unit.py,keep-open,bug,v4.10.0,Reported on cci 4.6.0 and reproduces unchanged on 4.10.0. Minimal fix at update_profile.py:290-293: change to `rt_elem = elem.find('recordType'); if rt_elem is not None and rt_elem.text == rt['record_type']: ...`. Also worth scanning sibling code in _set_record_types for similar None-deref patterns on optional children.
3936,bulkdata,B,bug,INCONCLUSIVE-needs-flaky-network,"salesforce_api/utils.py get_simple_salesforce_connection (lines 30-43) constructs Salesforce() with no timeout kwarg and only retries 502/503/504 via Retry(total=5). No CCI-side option exposes connect/read timeout for SF API calls. The reported error ""HTTPSConnectionPool ... Read timed out. (read timeout=None)"" with timeout=None usually means the proxy/VPN closed the socket; CCI cannot mitigate without exposing a configurable timeout AND a retry policy for read timeouts.",none — code-only,unchanged,"keep-open,bug,area:bulkdata,severity:major,needs-repro,v5-candidate:yes",v4.10.0,Already kept-open by maintainer (recent 2025-12-03). Environment-specific reproduction (corporate VPN). Confirmed structural gap: no exposed timeout option. v5 candidate: add timeout option + read-timeout retry to get_simple_salesforce_connection and to bulk job HTTP polling.
3938,metadata-etl,A,bug,REPRODUCED-on-v4.10.0,rest_deploy.py _monitor_deploy_status (line 119) returns silently on Failed; __call__ also only logs on non-201 status_code; no exception raised,/tmp/repro/2/tests/test_issues_bucket_a.py::test_issue_3938_rest_deploy_failure_does_not_raise,keep-open,"severity:critical,area:rest-deploy,type:bug,silent-failure",v4.10.0,CRITICAL: rest_deploy:True silently passes failed deploys; flows continue thinking deploy succeeded. Recently filed (2025-12-16). Likely affects MetaDeploy plans
3939,metadata-etl,A,bug,REPRODUCED-on-v4.10.0,metadata.py BaseMetadataApiCall.__call__ wraps every Exception from _process_response (incl. ApexTestException at line 540) in MetadataParseError losing original message,/tmp/repro/2/tests/test_issues_bucket_a.py::test_issue_3939_deploy_apex_test_failure_swallowed,keep-open,"severity:high,area:salesforce-api,type:bug,error-handling",v4.10.0,"Fix: re-raise CCI exception classes (MetadataApiError, MetadataComponentFailure, ApexTestException) without wrapping. Also recently filed; same reporter as #3938; both block production deploys"
3951,metadata-etl,B,bug,REPRODUCED-on-v4.10.0,Live repro: `cci task run set_duplicate_rule_status -o api_names Standard_Rule_for_Leads_with_Duplicate_Contacts -o active False` -> 'Cannot find metadata file .../duplicateRules/Standard_Rule_for_Leads_with_Duplicate_Contacts.duplicateRule'. Same command with the canonical API name format `Lead.Standard_Rule_for_Leads_with_Duplicate_Contacts` succeeds end-to-end (extract -> transform -> deploy -> Success). The functional task is not actually broken; the bug is the unhelpful error when the user omits the Object prefix that the Metadata API requires for DuplicateRule,/tmp/repro/5/tests/issue-3951/output-no-prefix.txt,improve-error-message,"bug,good-first-issue,documentation",v4.10.0,"Two improvements: (1) update set_duplicate_rule_status docs and task option help to show that api_names need the <Object>.<RuleName> format; (2) in MetadataSingleEntityTransformTask._transform (base.py:332), when the file is missing, list the files actually retrieved so users can spot the naming gap. Could also pre-validate api_names contain a dot for entity types that require it."
3953,metadata-etl,B,bug,REPRODUCED-on-v4.10.0,"Live CLI repro: `cci task run add_picklist_entries --org X -o picklists 'Account.Status__c' -o entries '[{""fullName"": ""TestValue"", ""label"": ""Test Value""}]'` -> 'The fullName key is required on all picklist values'. AddPicklistEntries._init_options (picklists.py:68) checks `'fullName' in entry for entry in self.options['entries']` directly, but no JSON parser is run on the CLI value first; the CLI passes 'entries' through as a string, so iteration walks the characters of the JSON string, none of which contain the substring 'fullName'. process_list_arg is run on 'picklists' but not on 'entries'",/tmp/repro/5/tests/issue-3953/output.txt,keep-open,"bug,good-first-issue",v4.10.0,"Minimal fix in AddPicklistEntries._init_options: if isinstance(self.options.get('entries'), str): self.options['entries'] = json.loads(self.options['entries']). Apply same pattern to record_types option for consistency. Same class of bug exists in AddFieldsToPageLayout (`fields` and `pages` options); see line 'value is not a valid list' from issue-3613 testing."
3955,robotframework,bug-in-source,bug,REPRODUCED-on-dev,"cumulusci/robotframework/SalesforcePlaywright.py:106 splits size with str.split('x', 1) yielding two strings, then passes them directly to browser.new_context(viewport={""width"": width, ""height"": height}) on line 109-111 without int casting; Playwright rejects strings with ""viewport.width: expected integer, got string""",cumulusci/tests/triage/test_issue_3955.py,keep-open,"bug,robotframework,playwright,good-first-issue",dev,Trivial 1-line fix: cast width/height to int. Pytest stubs the Browser library and asserts new_context receives int dimensions.
